<keymap version="1" name="Default copy" parent="$default">
  <action id="EditorDecreaseFontSize">
    <keyboard-shortcut first-keystroke="alt minus" />
  </action>
  <action id="EditorIncreaseFontSize">
    <keyboard-shortcut first-keystroke="alt equals" />
  </action>
  <action id="SplitHorizontally">
    <keyboard-shortcut first-keystroke="alt h" />
  </action>
  <action id="SplitVertically">
    <keyboard-shortcut first-keystroke="alt s" />
  </action>
  <action id="ToggleDistractionFreeMode">
    <keyboard-shortcut first-keystroke="alt d" />
  </action>
  <action id="ToggleFullScreen">
    <keyboard-shortcut first-keystroke="alt f" />
  </action>
  <action id="UnsplitAll">
    <keyboard-shortcut first-keystroke="alt x" />
  </action>
</keymap>