<application>
  <component name="KeyPromoterXStatistic">
    <option name="statistics">
      <Statistic Action="Back">
        <Item>
          <IdeaActionID>Back</IdeaActionID>
          <ShortCut>'Ctrl+Alt+Left'</ShortCut>
          <Description>Back</Description>
          <Count>5</Count>
        </Item>
      </Statistic>
      <Statistic Action="Build Project">
        <Item>
          <IdeaActionID>CompileDirty</IdeaActionID>
          <ShortCut>'Ctrl+F9'</ShortCut>
          <Description>Build Project</Description>
          <Count>10</Count>
        </Item>
      </Statistic>
      <Statistic Action="Copy">
        <Item>
          <IdeaActionID>$Copy</IdeaActionID>
          <ShortCut>'Ctrl+C' or 'Ctrl+Insert'</ShortCut>
          <Description>Copy</Description>
          <Count>2</Count>
        </Item>
      </Statistic>
      <Statistic Action="Debug">
        <Item>
          <IdeaActionID>ActivateDebugToolWindow</IdeaActionID>
          <ShortCut>'Alt+5'</ShortCut>
          <Description>Debug</Description>
          <Count>1</Count>
        </Item>
      </Statistic>
      <Statistic Action="Debug 'Main'">
        <Item>
          <IdeaActionID>Debug</IdeaActionID>
          <ShortCut>'Shift+F9'</ShortCut>
          <Description>Debug 'Main'</Description>
          <Count>1</Count>
        </Item>
      </Statistic>
      <Statistic Action="Debug 'Start'">
        <Item>
          <IdeaActionID>Debug</IdeaActionID>
          <ShortCut>'Shift+F9'</ShortCut>
          <Description>Debug 'Start'</Description>
          <Count>2</Count>
        </Item>
      </Statistic>
      <Statistic Action="Declaration">
        <Item>
          <IdeaActionID>GotoDeclaration</IdeaActionID>
          <ShortCut>'Ctrl+B'</ShortCut>
          <Description>Declaration</Description>
          <Count>89</Count>
        </Item>
      </Statistic>
      <Statistic Action="Delete...">
        <Item>
          <IdeaActionID>$Delete</IdeaActionID>
          <ShortCut>'Delete'</ShortCut>
          <Description>Delete...</Description>
          <Count>2</Count>
        </Item>
      </Statistic>
      <Statistic Action="Desktop Directory">
        <Item>
          <IdeaActionID>FileChooser.GotoDesktop</IdeaActionID>
          <ShortCut>'Ctrl+D'</ShortCut>
          <Description>Desktop Directory</Description>
          <Count>4</Count>
        </Item>
      </Statistic>
      <Statistic Action="Edit...">
        <Item>
          <IdeaActionID>XDebugger.EditWatch</IdeaActionID>
          <ShortCut>'F2'</ShortCut>
          <Description>Edit...</Description>
          <Count>3</Count>
        </Item>
      </Statistic>
      <Statistic Action="Get relevant examples">
        <Item>
          <IdeaActionID>CodotaLeanSearchCrossRefAction</IdeaActionID>
          <ShortCut>'Ctrl+Shift+O'</ShortCut>
          <Description>Get relevant examples</Description>
          <Count>1</Count>
        </Item>
      </Statistic>
      <Statistic Action="Implementation(s)">
        <Item>
          <IdeaActionID>GotoImplementation</IdeaActionID>
          <ShortCut>'Ctrl+Alt+B'</ShortCut>
          <Description>Implementation(s)</Description>
          <Count>8</Count>
        </Item>
      </Statistic>
      <Statistic Action="New Watch...">
        <Item>
          <IdeaActionID>XDebugger.NewWatch</IdeaActionID>
          <ShortCut>'Insert'</ShortCut>
          <Description>New Watch...</Description>
          <Count>5</Count>
        </Item>
      </Statistic>
      <Statistic Action="Preview the current selected bug.">
        <Item>
          <IdeaActionID>FindBugs.PreviewSelectBugInstance</IdeaActionID>
          <ShortCut>'Alt+Q'</ShortCut>
          <Description>Preview the current selected bug.</Description>
          <Count>15</Count>
        </Item>
      </Statistic>
      <Statistic Action="Remove Watch">
        <Item>
          <IdeaActionID>XDebugger.RemoveWatch</IdeaActionID>
          <ShortCut>'Delete'</ShortCut>
          <Description>Remove Watch</Description>
          <Count>2</Count>
        </Item>
      </Statistic>
      <Statistic Action="Rename...">
        <Item>
          <IdeaActionID>RenameElement</IdeaActionID>
          <ShortCut>'Shift+F6'</ShortCut>
          <Description>Rename...</Description>
          <Count>2</Count>
        </Item>
      </Statistic>
      <Statistic Action="Rerun 'Main'">
        <Item>
          <IdeaActionID>Rerun</IdeaActionID>
          <ShortCut>'Ctrl+F5'</ShortCut>
          <Description>Rerun 'Main'</Description>
          <Count>69</Count>
        </Item>
      </Statistic>
      <Statistic Action="Rerun 'Start'">
        <Item>
          <IdeaActionID>Rerun</IdeaActionID>
          <ShortCut>'Ctrl+F5'</ShortCut>
          <Description>Rerun 'Start'</Description>
          <Count>44</Count>
        </Item>
      </Statistic>
      <Statistic Action="Resume Program">
        <Item>
          <IdeaActionID>Resume</IdeaActionID>
          <ShortCut>'F9'</ShortCut>
          <Description>Resume Program</Description>
          <Count>1</Count>
        </Item>
      </Statistic>
      <Statistic Action="Run">
        <Item>
          <IdeaActionID>ActivateRunToolWindow</IdeaActionID>
          <ShortCut>'Alt+4'</ShortCut>
          <Description>Run</Description>
          <Count>2</Count>
        </Item>
      </Statistic>
      <Statistic Action="Run 'APITest.testIncorrectCommand'">
        <Item>
          <IdeaActionID>Run</IdeaActionID>
          <ShortCut>'Shift+F10'</ShortCut>
          <Description>Run 'APITest.testIncorrectCommand'</Description>
          <Count>1</Count>
        </Item>
      </Statistic>
      <Statistic Action="Run 'Main'">
        <Item>
          <IdeaActionID>RunClass</IdeaActionID>
          <ShortCut>'Ctrl+Shift+F10'</ShortCut>
          <Description>Run 'Main'</Description>
          <Count>17</Count>
        </Item>
      </Statistic>
      <Statistic Action="Run 'Start'">
        <Item>
          <IdeaActionID>Run</IdeaActionID>
          <ShortCut>'Shift+F10'</ShortCut>
          <Description>Run 'Start'</Description>
          <Count>26</Count>
        </Item>
      </Statistic>
      <Statistic Action="Run 'Start.main()'">
        <Item>
          <IdeaActionID>RunClass</IdeaActionID>
          <ShortCut>'Ctrl+Shift+F10'</ShortCut>
          <Description>Run 'Start.main()'</Description>
          <Count>1</Count>
        </Item>
      </Statistic>
      <Statistic Action="Settings...">
        <Item>
          <IdeaActionID>ShowSettings</IdeaActionID>
          <ShortCut>'Ctrl+Alt+S'</ShortCut>
          <Description>Settings...</Description>
          <Count>2</Count>
        </Item>
      </Statistic>
      <Statistic Action="Split Horizontally">
        <Item>
          <IdeaActionID>SplitHorizontally</IdeaActionID>
          <ShortCut>'Alt+H'</ShortCut>
          <Description>Split Horizontally</Description>
          <Count>1</Count>
        </Item>
      </Statistic>
      <Statistic Action="Step Over">
        <Item>
          <IdeaActionID>StepOver</IdeaActionID>
          <ShortCut>'F8'</ShortCut>
          <Description>Step Over</Description>
          <Count>8</Count>
        </Item>
      </Statistic>
      <Statistic Action="Stop 'Main'">
        <Item>
          <IdeaActionID>Stop</IdeaActionID>
          <ShortCut>'Ctrl+F2'</ShortCut>
          <Description>Stop 'Main'</Description>
          <Count>2</Count>
        </Item>
      </Statistic>
      <Statistic Action="Stop 'Start'">
        <Item>
          <IdeaActionID>Stop</IdeaActionID>
          <ShortCut>'Ctrl+F2'</ShortCut>
          <Description>Stop 'Start'</Description>
          <Count>4</Count>
        </Item>
      </Statistic>
      <Statistic Action="Terminal">
        <Item>
          <IdeaActionID>ActivateTerminalToolWindow</IdeaActionID>
          <ShortCut>'Alt+F12'</ShortCut>
          <Description>Terminal</Description>
          <Count>4</Count>
        </Item>
      </Statistic>
      <Statistic Action="Toggle Line Breakpoint">
        <Item>
          <IdeaActionID>ToggleLineBreakpoint</IdeaActionID>
          <ShortCut>'Ctrl+F8'</ShortCut>
          <Description>Toggle Line Breakpoint</Description>
          <Count>30</Count>
        </Item>
      </Statistic>
      <Statistic Action="Type Declaration">
        <Item>
          <IdeaActionID>GotoTypeDeclaration</IdeaActionID>
          <ShortCut>'Ctrl+Shift+B'</ShortCut>
          <Description>Type Declaration</Description>
          <Count>6</Count>
        </Item>
      </Statistic>
      <Statistic Action="Unsplit All">
        <Item>
          <IdeaActionID>UnsplitAll</IdeaActionID>
          <ShortCut>'Alt+X'</ShortCut>
          <Description>Unsplit All</Description>
          <Count>1</Count>
        </Item>
      </Statistic>
    </option>
  </component>
</application>