<application>
  <component name="MaterialThemeConfig">
    <option name="darkTitleBar" value="true" />
    <option name="highlightColorEnabled" value="true" />
    <option name="isContrastMode" value="true" />
    <option name="isHighContrast" value="true" />
    <option name="isWizardShown" value="true" />
    <option name="monochromeIcons" value="true" />
    <option name="overrideAccentColor" value="true" />
    <option name="pristineConfig" value="false" />
    <option name="upperCaseTabs" value="true" />
    <option name="useMaterialFont2" value="true" />
    <option name="settingsSelectedTab" value="5" />
    <option name="accentColor" value="009688" />
    <option name="userId" value="39b2c8f4:16795fc6fd4:-8000" />
    <option name="version" value="3.1.0" />
  </component>
</application>